Workbook
Name Lista_Difetti: Data_Source!$G$2:$G$11

Sheet Production_Machine_1_Data_Entry
A1: Data | B1: Material Code | C1: Model Code | D1: Product Code | E1: Model Name | F1: Project Name | G1: Product Total | H1: Total OK | I1: Total KO | J1: Quantity Flaw 1 | K1: Quantity Flaw 2 | L1: Quantity Flaw 3 | M1: Quantity Flaw 4 | N1: Quantity Flaw 5 | O1: Quantity Flaw 6 | P1: Quantity Flaw 7 | Q1: Quantity Flaw 8 | R1: Quantity Flaw 9 | S1: Quantity Flaw 10 | T1: Quantity Flaw 11
A2: =TODAY() -> 46197 | B2: =_xlfn.XLOOKUP(Production_Machine_1_Data_Entry!$D2, Data_Source!D:D, Data_Source!A:A, "Missing Value") -> C1 | C2: =_xlfn.XLOOKUP(Production_Machine_1_Data_Entry!$D2, Data_Source!D:D,Data_Source!C:C, "Missing Value") -> 111 | D2: H1 | E2: =_xlfn.XLOOKUP(Production_Machine_1_Data_Entry!$D2,Data_Source!D:D, Data_Source!B:B, "Missing Value") -> BLUE | F2: =_xlfn.XLOOKUP(Production_Machine_1_Data_Entry!$D2,Data_Source!D:D, Data_Source!E:E, "Missing Value") -> PROJECT ALFA | G2: 720 | H2: =G2-I2 -> 715 | I2: =SUM(Production_Machine_1_Data_Entry!$J2:$T2) -> 5 | J2: 3 | K2: 1 | L2: 0 | T2: 1
A3: =TODAY() -> 46197 | B3: =_xlfn.XLOOKUP(Production_Machine_1_Data_Entry!$D3, Data_Source!D:D, Data_Source!A:A, "Missing Value") -> C1 | C3: =_xlfn.XLOOKUP(Production_Machine_1_Data_Entry!$D3, Data_Source!D:D,Data_Source!C:C, "Missing Value") -> 111 | D3: H1 | E3: =_xlfn.XLOOKUP(Production_Machine_1_Data_Entry!$D3,Data_Source!D:D, Data_Source!B:B, "Missing Value") -> BLUE | F3: =_xlfn.XLOOKUP(Production_Machine_1_Data_Entry!$D3,Data_Source!D:D, Data_Source!E:E, "Missing Value") -> PROJECT ALFA | H3: =G3-I3 -> 0 | I3: =SUM(Production_Machine_1_Data_Entry!$J3:$T3) -> 0
A4: =TODAY() -> 46197 | B4: =_xlfn.XLOOKUP(Production_Machine_1_Data_Entry!$D4, Data_Source!D:D, Data_Source!A:A, "Missing Value") -> C1 | C4: =_xlfn.XLOOKUP(Production_Machine_1_Data_Entry!$D4, Data_Source!D:D,Data_Source!C:C, "Missing Value") -> 111 | D4: H1 | E4: =_xlfn.XLOOKUP(Production_Machine_1_Data_Entry!$D4,Data_Source!D:D, Data_Source!B:B, "Missing Value") -> BLUE | F4: =_xlfn.XLOOKUP(Production_Machine_1_Data_Entry!$D4,Data_Source!D:D, Data_Source!E:E, "Missing Value") -> PROJECT ALFA | H4: =G4-I4 -> 0 | I4: =SUM(Production_Machine_1_Data_Entry!$J4:$T4) -> 0
A5: =TODAY() -> 46197 | B5: =_xlfn.XLOOKUP(Production_Machine_1_Data_Entry!$D5, Data_Source!D:D, Data_Source!A:A, "Missing Value") -> C1 | C5: =_xlfn.XLOOKUP(Production_Machine_1_Data_Entry!$D5, Data_Source!D:D,Data_Source!C:C, "Missing Value") -> 111 | D5: H1 | E5: =_xlfn.XLOOKUP(Production_Machine_1_Data_Entry!$D5,Data_Source!D:D, Data_Source!B:B, "Missing Value") -> BLUE | F5: =_xlfn.XLOOKUP(Production_Machine_1_Data_Entry!$D5,Data_Source!D:D, Data_Source!E:E, "Missing Value") -> PROJECT ALFA | H5: =G5-I5 -> 0 | I5: =SUM(Production_Machine_1_Data_Entry!$J5:$T5) -> 0
A6: =TODAY() -> 46197 | B6: =_xlfn.XLOOKUP(Production_Machine_1_Data_Entry!$D6, Data_Source!D:D, Data_Source!A:A, "Missing Value") -> C1 | C6: =_xlfn.XLOOKUP(Production_Machine_1_Data_Entry!$D6, Data_Source!D:D,Data_Source!C:C, "Missing Value") -> 111 | D6: H1 | E6: =_xlfn.XLOOKUP(Production_Machine_1_Data_Entry!$D6,Data_Source!D:D, Data_Source!B:B, "Missing Value") -> BLUE | F6: =_xlfn.XLOOKUP(Production_Machine_1_Data_Entry!$D6,Data_Source!D:D, Data_Source!E:E, "Missing Value") -> PROJECT ALFA | H6: =G6-I6 -> 0 | I6: =SUM(Production_Machine_1_Data_Entry!$J6:$T6) -> 0
A7: =TODAY() -> 46197 | B7: =_xlfn.XLOOKUP(Production_Machine_1_Data_Entry!$D7, Data_Source!D:D, Data_Source!A:A, "Missing Value") -> C1 | C7: =_xlfn.XLOOKUP(Production_Machine_1_Data_Entry!$D7, Data_Source!D:D,Data_Source!C:C, "Missing Value") -> 111 | D7: H1 | E7: =_xlfn.XLOOKUP(Production_Machine_1_Data_Entry!$D7,Data_Source!D:D, Data_Source!B:B, "Missing Value") -> BLUE | F7: =_xlfn.XLOOKUP(Production_Machine_1_Data_Entry!$D7,Data_Source!D:D, Data_Source!E:E, "Missing Value") -> PROJECT ALFA | H7: =G7-I7 -> 0 | I7: =SUM(Production_Machine_1_Data_Entry!$J7:$T7) -> 0
A8: =TODAY() -> 46197 | B8: =_xlfn.XLOOKUP(Production_Machine_1_Data_Entry!$D8, Data_Source!D:D, Data_Source!A:A, "Missing Value") -> C1 | C8: =_xlfn.XLOOKUP(Production_Machine_1_Data_Entry!$D8, Data_Source!D:D,Data_Source!C:C, "Missing Value") -> 111 | D8: H1 | E8: =_xlfn.XLOOKUP(Production_Machine_1_Data_Entry!$D8,Data_Source!D:D, Data_Source!B:B, "Missing Value") -> BLUE | F8: =_xlfn.XLOOKUP(Production_Machine_1_Data_Entry!$D8,Data_Source!D:D, Data_Source!E:E, "Missing Value") -> PROJECT ALFA | H8: =G8-I8 -> 0 | I8: =SUM(Production_Machine_1_Data_Entry!$J8:$T8) -> 0
A9: =TODAY() -> 46197 | B9: =_xlfn.XLOOKUP(Production_Machine_1_Data_Entry!$D9, Data_Source!D:D, Data_Source!A:A, "Missing Value") -> C1 | C9: =_xlfn.XLOOKUP(Production_Machine_1_Data_Entry!$D9, Data_Source!D:D,Data_Source!C:C, "Missing Value") -> 111 | D9: H1 | E9: =_xlfn.XLOOKUP(Production_Machine_1_Data_Entry!$D9,Data_Source!D:D, Data_Source!B:B, "Missing Value") -> BLUE | F9: =_xlfn.XLOOKUP(Production_Machine_1_Data_Entry!$D9,Data_Source!D:D, Data_Source!E:E, "Missing Value") -> PROJECT ALFA | H9: =G9-I9 -> 0 | I9: =SUM(Production_Machine_1_Data_Entry!$J9:$T9) -> 0
A10: =TODAY() -> 46197 | B10: =_xlfn.XLOOKUP(Production_Machine_1_Data_Entry!$D10, Data_Source!D:D, Data_Source!A:A, "Missing Value") -> C1 | C10: =_xlfn.XLOOKUP(Production_Machine_1_Data_Entry!$D10, Data_Source!D:D,Data_Source!C:C, "Missing Value") -> 111 | D10: H1 | E10: =_xlfn.XLOOKUP(Production_Machine_1_Data_Entry!$D10,Data_Source!D:D, Data_Source!B:B, "Missing Value") -> BLUE | F10: =_xlfn.XLOOKUP(Production_Machine_1_Data_Entry!$D10,Data_Source!D:D, Data_Source!E:E, "Missing Value") -> PROJECT ALFA | H10: =G10-I10 -> 0 | I10: =SUM(Production_Machine_1_Data_Entry!$J10:$T10) -> 0
A11: =TODAY() -> 46197 | B11: =_xlfn.XLOOKUP(Production_Machine_1_Data_Entry!$D11, Data_Source!D:D, Data_Source!A:A, "Missing Value") -> C1 | C11: =_xlfn.XLOOKUP(Production_Machine_1_Data_Entry!$D11, Data_Source!D:D,Data_Source!C:C, "Missing Value") -> 111 | D11: H1 | E11: =_xlfn.XLOOKUP(Production_Machine_1_Data_Entry!$D11,Data_Source!D:D, Data_Source!B:B, "Missing Value") -> BLUE | F11: =_xlfn.XLOOKUP(Production_Machine_1_Data_Entry!$D11,Data_Source!D:D, Data_Source!E:E, "Missing Value") -> PROJECT ALFA | H11: =G11-I11 -> 0 | I11: =SUM(Production_Machine_1_Data_Entry!$J11:$T11) -> 0
A12: =TODAY() -> 46197 | B12: =_xlfn.XLOOKUP(Production_Machine_1_Data_Entry!$D12, Data_Source!D:D, Data_Source!A:A, "Missing Value") -> C1 | C12: =_xlfn.XLOOKUP(Production_Machine_1_Data_Entry!$D12, Data_Source!D:D,Data_Source!C:C, "Missing Value") -> 111 | D12: H1 | E12: =_xlfn.XLOOKUP(Production_Machine_1_Data_Entry!$D12,Data_Source!D:D, Data_Source!B:B, "Missing Value") -> BLUE | F12: =_xlfn.XLOOKUP(Production_Machine_1_Data_Entry!$D12,Data_Source!D:D, Data_Source!E:E, "Missing Value") -> PROJECT ALFA | H12: =G12-I12 -> 0 | I12: =SUM(Production_Machine_1_Data_Entry!$J12:$T12) -> 0
A13: =TODAY() -> 46197 | B13: =_xlfn.XLOOKUP(Production_Machine_1_Data_Entry!$D13, Data_Source!D:D, Data_Source!A:A, "Missing Value") -> C1 | C13: =_xlfn.XLOOKUP(Production_Machine_1_Data_Entry!$D13, Data_Source!D:D,Data_Source!C:C, "Missing Value") -> 111 | D13: H1 | E13: =_xlfn.XLOOKUP(Production_Machine_1_Data_Entry!$D13,Data_Source!D:D, Data_Source!B:B, "Missing Value") -> BLUE | F13: =_xlfn.XLOOKUP(Production_Machine_1_Data_Entry!$D13,Data_Source!D:D, Data_Source!E:E, "Missing Value") -> PROJECT ALFA | H13: =G13-I13 -> 0 | I13: =SUM(Production_Machine_1_Data_Entry!$J13:$T13) -> 0
A14: =TODAY() -> 46197 | B14: =_xlfn.XLOOKUP(Production_Machine_1_Data_Entry!$D14, Data_Source!D:D, Data_Source!A:A, "Missing Value") -> C1 | C14: =_xlfn.XLOOKUP(Production_Machine_1_Data_Entry!$D14, Data_Source!D:D,Data_Source!C:C, "Missing Value") -> 111 | D14: H1 | E14: =_xlfn.XLOOKUP(Production_Machine_1_Data_Entry!$D14,Data_Source!D:D, Data_Source!B:B, "Missing Value") -> BLUE | F14: =_xlfn.XLOOKUP(Production_Machine_1_Data_Entry!$D14,Data_Source!D:D, Data_Source!E:E, "Missing Value") -> PROJECT ALFA | H14: =G14-I14 -> 0 | I14: =SUM(Production_Machine_1_Data_Entry!$J14:$T14) -> 0
... A250: =TODAY() -> 46197 | B250: =_xlfn.XLOOKUP(Production_Machine_1_Data_Entry!$D250, Data_Source!D:D, Data_Source!A:A, "Missing Value") -> A1 | C250: =_xlfn.XLOOKUP(Production_Machine_1_Data_Entry!$D250, Data_Source!D:D,Data_Source!C:C, "Missing Value") -> 112 | D250: H4 | E250: =_xlfn.XLOOKUP(Production_Machine_1_Data_Entry!$D250,Data_Source!D:D, Data_Source!B:B, "Missing Value") -> RED | F250: =_xlfn.XLOOKUP(Production_Machine_1_Data_Entry!$D250,Data_Source!D:D, Data_Source!E:E, "Missing Value") -> PROJECT DELTA | H250: =G250-I250 -> 0 | I250: =SUM(Production_Machine_1_Data_Entry!$J250:$T250) -> 0

Sheet Data_Source
A2: Material Code | B2: Model Name | C2: Model Code | D2: Product Code | E2: Project Name
A3: C1 | B3: BLUE | C3: 111 | D3: H1 | E3: PROJECT ALFA
A4: C2 | B4: RED | C4: 112 | D4: H2 | E4: PROJECT BRAVO
A5: C3 | B5: GREEN | C5: 113 | D5: H3 | E5: PROJECT CHARLIE
A6: A1 | B6: RED | C6: 112 | D6: H4 | E6: PROJECT DELTA
A7: A2 | B7: BLUE | C7: 111 | D7: H5 | E7: PROJECT ECHO
A8: A3 | B8: GREEN | C8: 113 | D8: H6 | E8: PROJECT FOXTROT
A9: B1 | B9: RED | C9: 112 | D9: H7 | E9: PROJECT GOLF
A10: B2 | B10: BLUE | C10: 111 | D10: H8 | E10: PROJECT HOTEL
A11: B3 | B11: GREEN | C11: 113 | D11: H9 | E11: PROJECT INDIA
